Rank,Name,Median_score,Cooperation_rating,Wins,Initial_C_rate,CC_rate,CD_rate,DC_rate,DD_rate,CC_to_C_rate,CD_to_C_rate,DC_to_C_rate,DD_to_C_rate
0,Grudger,3.58974358974359,0.375,2.0,0.5,0.14102564102564102,0.05128205128205128,0.5897435897435898,0.21794871794871795,0.9090909090909091,0,0.14285714285714285,0.1875
1,"First by Stein and Rapoport: 0.05: (D, D)",2.105769230769231,0.5294117647058824,0.0,1.0,0.391025641025641,0.21474358974358976,0.1346153846153846,0.25961538461538464,0.9545454545454546,0.14285714285714285,0.875,0.1875
2,First by Shubik,1.4166666666666665,0.6923076923076923,1.0,1.0,0.25,0.5833333333333334,0.125,0.041666666666666664,0.8333333333333334,0,0.6666666666666666,0
