Rank,Name,Median_score,Cooperation_rating,Wins,Initial_C_rate,CC_rate,CD_rate,DC_rate,DD_rate,CC_to_C_rate,CD_to_C_rate,DC_to_C_rate,DD_to_C_rate
0,Alternator,2.788333333333333,0.5579710144927537,2.0,0.92,0.3095463609172483,0.25619945718400355,0.3415112994350283,0.09274288246371995,0.07692307692307693,0.07697044334975368,0.9420967741935483,0.9866666666666667
1,Random: 0.5,2.7839285714285715,0.5714285714285714,2.0,0.46,0.36073186908277866,0.2084838960208324,0.2999684880667969,0.13081574682959207,0.569187675070028,0.6307692307692307,0.6222222222222222,0.6928571428571428
2,Random Tit for Tat: 0.5,2.776388888888889,0.6645962732919255,1.0,0.88,0.4500253969341049,0.2155494869248593,0.2280044002328528,0.10642071590818294,0.739986432556092,0.4280769230769231,0.7989499389499389,0.375
3,Adaptive Tit For Tat: 0.5,2.6388888888888893,0.6542056074766355,0.5,0.88,0.4385114878742648,0.23091452462915107,0.2283385134350285,0.1022354740615556,0.9028867623604466,0.14946236559139783,0.7982114437286851,0.14285714285714285
4,Tit For Tat,2.618333333333333,0.7384615384615385,1.0,0.9,0.4818264690391446,0.2176613514631617,0.20723438106537345,0.09327779843232023,0.9811382113821138,0.18055555555555555,0.9380952380952381,0.2
5,Cooperator,2.4319696969696967,0.9083557951482479,0.0,0.94,0.6568255933952528,0.24476986584107324,0.06852149982800138,0.02988304093567251,0.8723088962687241,0.943543956043956,0.9416666666666667,1.0
