Rank,Name,Median_score,Cooperation_rating,Wins,Initial_C_rate,CC_rate,CD_rate,DC_rate,DD_rate,CC_to_C_rate,CD_to_C_rate,DC_to_C_rate,DD_to_C_rate
0,Alternator,2.82491341991342,0.5374149659863946,2.0,0.98,0.3145430221334954,0.2323839032283202,0.3429304809818265,0.11014259365635796,0.11256652661064426,0.1838049229353577,0.8597058823529412,1.0
1,Tit For Tat,2.7673076923076922,0.6254416961130742,1.0,0.88,0.4464570759343417,0.21787215705557803,0.23639032308379662,0.0992804439262837,0.8512121212121213,0.14761904761904762,0.9339181286549707,0.18055555555555555
2,Adaptive Tit For Tat: 0.5,2.6866666666666665,0.6988847583643123,1.0,0.88,0.46784054273510434,0.24454194713906147,0.21292608981843167,0.07469142030740254,0.9329292929292929,0.2169312169312169,0.9447058823529412,0.3068181818181818
3,Random Tit for Tat: 0.5,2.6242261904761905,0.6624605678233438,2.0,0.86,0.457333986767949,0.22567630482724824,0.20554520950747363,0.11144449889732908,0.7718111455108358,0.4338888888888889,0.7865977160094808,0.7462121212121211
4,Random: 0.5,2.6223229548229545,0.45215311004784686,3.0,0.54,0.26234598734598735,0.1889038739038739,0.3238800088800089,0.2248701298701299,0.4203130203130203,0.33354295665634676,0.524718196457327,0.44776334776334775
5,Cooperator,2.2857142857142856,0.8717948717948718,0.0,0.86,0.6037730134788959,0.2706928583399172,0.05839893222246163,0.06713519595872537,0.8791403372456005,0.8970672029495559,0.7222222222222222,0.925
