Rank,Name,Median_score,Cooperation_rating,Wins,Initial_C_rate,CC_rate,CD_rate,DC_rate,DD_rate,CC_to_C_rate,CD_to_C_rate,DC_to_C_rate,DD_to_C_rate
0,Adaptive,3.0,1.0,0.0,1.0,0.9880952380952381,0.011904761904761904,0.0,0.0,1.0,1.0,0,0
1,Adaptive Tit For Tat: 0.5,3.0,0.9876543209876543,0.0,1.0,0.9772727272727273,0.011363636363636364,0.011363636363636364,0.0,1.0,0,0,0
2,Burn Both Ends,3.0,0.9767441860465116,0.0,1.0,0.9653679653679654,0.011363636363636364,0.023268398268398268,0.0,0.9687194525904204,0,1.0,0
