Rank,Name,Median_score,Cooperation_rating,Wins,Initial_C_rate,CC_rate,CD_rate,DC_rate,DD_rate,CC_to_C_rate,CD_to_C_rate,DC_to_C_rate,DD_to_C_rate
0,"First by Tideman and Chieruzzi: (D, D)",2.9316666666666666,0.6948453608247422,1.0,0.98,0.6174426644306162,0.06936140165055828,0.10867764096679759,0.2045182929520279,0.9931040997543925,0,0.7125,0.05263157894736842
1,First by Graaskamp: 0.05,2.919642857142857,0.8432835820895522,0.0,0.98,0.8146317399673568,0.03736849424353541,0.03921751604710567,0.10878224974200205,0.9871574440052701,0,1.0,0
2,First by Downing,2.728257738993033,0.33663366336633666,2.0,0.02,0.19355684408762017,0.18982357022499752,0.3042818911685995,0.31233769451878285,0.8205128205128206,0.5811268472906403,0.4047619047619047,0.5850206224221972
3,Grudger,2.684806034482759,0.5699115044247788,1.0,1.0,0.6319000587718495,0.031310151354873896,0.07428399141125741,0.26250579846201916,0.9893605412483631,0,0.15593869731800766,0
4,First by Davis: 10,2.4845238095238096,0.8793503480278422,0.0,0.98,0.7318488192251206,0.15979230839214464,0.012586267399695872,0.09577260498303895,0.9866700977869275,0.7095238095238096,0.5833333333333333,0.045454545454545456
5,"First by Stein and Rapoport: 0.05: (D, D)",2.46,0.9004424778761062,0.0,0.96,0.7788654313301839,0.11011983089399136,0.0587284497666451,0.05228628800917958,0.9642307692307692,0.5178571428571428,0.9285714285714286,0
