Rank,Name,Median_score,Cooperation_rating,Wins,Initial_C_rate,CC_rate,CD_rate,DC_rate,DD_rate,CC_to_C_rate,CD_to_C_rate,DC_to_C_rate,DD_to_C_rate
0,Random: 0.5,2.9296218487394956,0.5047021943573667,3.0,0.6,0.34383887226418786,0.1512122084090453,0.29468071058480466,0.21026820874196223,0.4955728179866111,0.5725490196078431,0.4045454545454545,0.5176923076923077
1,Random Tit for Tat: 0.5,2.6775,0.6540880503144654,1.0,0.86,0.42185825338163807,0.23618960233513567,0.2499488551888195,0.09200328909440672,0.76167325428195,0.26724386724386723,0.8566666666666667,0.48333333333333334
2,Tit For Tat,2.672310924369748,0.6696428571428571,1.0,0.92,0.4693026536165637,0.2102720956952918,0.21705034525039676,0.10337490543774781,0.9241798057015448,0.09999999999999999,0.8823784059078177,0.3333333333333333
3,Alternator,2.63542735042735,0.545774647887324,2.0,0.96,0.294981691291525,0.2537532439073986,0.32743583849032326,0.12382922631075303,0.17196969696969697,0.1388888888888889,0.8417582417582418,0.9800000000000001
4,Adaptive Tit For Tat: 0.5,2.569166666666667,0.6765799256505576,0.5,0.9,0.42410169091531263,0.2563613107248634,0.22229997522036177,0.09723702313946217,0.9354132457580734,0.18223443223443225,0.9355555555555555,0.2857142857142857
5,Cooperator,2.2733333333333334,0.89375,0.0,0.94,0.6219508023370348,0.2721620188568571,0.06853475519388595,0.03735242361222204,0.8890093048713738,0.8519047619047619,0.8047619047619048,1.0
