Rank,Name,Median_score,Cooperation_rating,Wins,Initial_C_rate,CC_rate,CD_rate,DC_rate,DD_rate,CC_to_C_rate,CD_to_C_rate,DC_to_C_rate,DD_to_C_rate
0,Alternator,2.911547619047619,0.5451505016722408,2.0,0.9,0.2884650997150997,0.2587820512820513,0.35645655270655274,0.0962962962962963,0.13148148148148148,0.12093283061024995,0.9432967445351347,0.95
1,Random: 0.5,2.785833333333333,0.5032679738562091,2.0,0.44,0.2840282554667383,0.21886307831112023,0.3257291400368798,0.17137952618526162,0.5350854700854701,0.531453634085213,0.43581260844418734,0.6561904761904762
2,Tit For Tat,2.704242424242424,0.6204986149584487,2.0,0.88,0.38732273291235797,0.22420988664561792,0.2317333130569958,0.15673406738502832,0.898524064171123,0.1608225108225108,0.8399228012131237,0.35788690476190477
3,Adaptive Tit For Tat: 0.5,2.5999999999999996,0.6382252559726962,1.0,0.88,0.41074300568484723,0.22383499533374906,0.23336946981783163,0.13205252916357205,0.9007142857142856,0.3653846153846154,0.9523809523809523,0.125
4,Random Tit for Tat: 0.5,2.532982456140351,0.6061643835616438,2.0,0.9,0.3898827658303465,0.229836718438869,0.24458980485862206,0.1356907108721625,0.7578015448603683,0.23858013331697542,0.6641148325358851,0.3416666666666667
5,Cooperator,2.1625691302161894,0.912621359223301,0.0,0.92,0.6254092157256714,0.2912159265956734,0.05486437613019892,0.028510481548456236,0.9066716616716617,0.96,1.0,0.9
