Rank,Name,Median_score,Cooperation_rating,Wins,Initial_C_rate,CC_rate,CD_rate,DC_rate,DD_rate,CC_to_C_rate,CD_to_C_rate,DC_to_C_rate,DD_to_C_rate
0,Adaptive Pavlov 2011,3.003006012024048,0.7893787575150301,1.0,1.0,0.7879759519038076,0.0014028056112224449,0.0070140280561122245,0.2036072144288577,1.0,0,0.14285714285714285,0
1,Adaptive,2.963927855711423,0.501002004008016,0.5,1.0,0.4909819639278557,0.01002004008016032,0.24799599198396793,0.25100200400801603,0.9156378600823045,0.9166666666666667,0,0.25
2,ALLCorALLD,1.5180360721442885,0.55,1.0,0.55,0.3030060120240481,0.2469939879759519,0.003406813627254509,0.4465931863727455,1.0,1.0,0,0
