Rank,Name,Median_score,Cooperation_rating,Wins,Initial_C_rate,CC_rate,CD_rate,DC_rate,DD_rate,CC_to_C_rate,CD_to_C_rate,DC_to_C_rate,DD_to_C_rate
0,Adaptive Tit For Tat: 0.5,2.7767857142857144,0.7476635514018691,0.0,0.8,0.6216845878136201,0.13620071684587814,0.13620071684587814,0.10591397849462367,0.902962962962963,0.35416666666666663,0.9444444444444444,0.3333333333333333
1,Adaptive,2.732142857142857,0.6967213114754098,0.0,0.9,0.5698412698412698,0.15295815295815296,0.14646464646464646,0.13073593073593073,0.8266666666666667,0.6071428571428572,0.41666666666666663,0.28205128205128205
2,Burn Both Ends,2.6579545454545457,0.6474820143884892,0.5,0.8,0.4804147465437788,0.1715542521994135,0.17804775869292,0.16998324256388775,0.8592592592592593,0.3222222222222222,0.7946428571428572,0.10096153846153846
