Rank,Name,Median_score,Cooperation_rating,Wins,Initial_C_rate,CC_rate,CD_rate,DC_rate,DD_rate,CC_to_C_rate,CD_to_C_rate,DC_to_C_rate,DD_to_C_rate
0,"First by Tideman and Chieruzzi: (D, D)",3.0476190476190474,0.9655172413793104,1.0,1.0,0.9761904761904762,0.0,0.023809523809523805,0.0,0.9583333333333333,0,1.0,0
1,First by Grofman,3.0,1.0,0.0,1.0,1.0,0.0,0.0,0.0,1.0,0,0,0
2,Tit For Tat,2.9761904761904763,0.9655172413793104,0.0,1.0,0.9523809523809524,0.023809523809523808,0.023809523809523808,0.0,1.0,0,1.0,0
3,First by Nydegger,2.9047619047619047,0.9761904761904762,0.0,1.0,0.9285714285714285,0.047619047619047616,0.023809523809523808,0.0,0.9696969696969697,1.0,1.0,0
