Rank,Name,Median_score,Cooperation_rating,Wins,Initial_C_rate,CC_rate,CD_rate,DC_rate,DD_rate,CC_to_C_rate,CD_to_C_rate,DC_to_C_rate,DD_to_C_rate
0,Aggravater,2.7556818181818183,0.24509803921568626,1.0,0.1,0.06975806451612904,0.17177419354838708,0.34879032258064513,0.4096774193548387,0.375,0.2,0.45,0.16783216783216784
1,AdaptorBrief,1.9166666666666665,0.5151515151515151,0.0,0.7,0.22980769230769232,0.3028846153846154,0.15192307692307694,0.3153846153846154,0.8,0.30000000000000004,0.8,0.3173076923076923
2,AdaptorLong,1.8955309396485869,0.4318181818181818,0.0,0.8,0.22456575682382135,0.23821339950372208,0.21215880893300249,0.3250620347394541,0.45,0.34375,0.30000000000000004,0.4318181818181818
