Rank,Name,Median_score,Cooperation_rating,Wins,Initial_C_rate,CC_rate,CD_rate,DC_rate,DD_rate,CC_to_C_rate,CD_to_C_rate,DC_to_C_rate,DD_to_C_rate
0,Adaptive Pavlov 2006,2.880952380952381,0.5703125,1.0,0.8,0.4400638663718988,0.1269958241218374,0.19835421272414638,0.23458609678211742,0.7841781874039938,0.15476190476190477,0.487012987012987,0.18831168831168832
1,Adaptive Pavlov 2011,2.4166666666666665,0.5310344827586206,0.0,0.95,0.37204424103737604,0.16523646071700993,0.18230358504958047,0.2804157131960336,0.8182795698924731,0.09090909090909091,0.5515873015873016,0.17532467532467533
2,AON2,2.263888888888889,0.5481481481481482,0.0,0.75,0.3048617305976806,0.2502230151650312,0.16179750223015166,0.2831177520071365,0.7333333333333334,0.3838383838383838,0.3939393939393939,0.4772727272727273
