Rank,Name,Median_score,Cooperation_rating,Wins,Initial_C_rate,CC_rate,CD_rate,DC_rate,DD_rate,CC_to_C_rate,CD_to_C_rate,DC_to_C_rate,DD_to_C_rate
0,First by Downing,4.321428571428571,0.13333333333333333,2.0,0.0,0.03571428571428571,0.03571428571428571,0.8214285714285714,0.10714285714285714,0,0,0.1111111111111111,0.5
1,First by Davis: 10,1.8928571428571428,0.7333333333333333,0.0,1.0,0.5357142857142857,0.32142857142857145,0.03571428571428571,0.10714285714285714,1.0,0.8888888888888888,0,0
2,First by Graaskamp: 0.05,1.5,1.0,0.0,1.0,0.5,0.5,0.0,0.0,0,0,0,0
