Rank,Name,Median_score,Cooperation_rating,Wins,Initial_C_rate,CC_rate,CD_rate,DC_rate,DD_rate,CC_to_C_rate,CD_to_C_rate,DC_to_C_rate,DD_to_C_rate
0,AON2,2.702380952380952,0.7866666666666666,0.0,1.0,0.6125,0.17857142857142855,0.10535714285714286,0.10357142857142856,0.95,0.7142857142857143,0,0.625
1,ALLCorALLD,2.65,0.5934065934065934,1.0,0.6,0.46964285714285714,0.14107142857142857,0.19999999999999998,0.1892857142857143,0.9117647058823529,0.7777777777777777,0.20535714285714285,0.08333333333333333
2,Adaptive Pavlov 2006,2.2604166666666665,0.59375,1.0,0.9,0.48214285714285715,0.13392857142857142,0.14821428571428572,0.2357142857142857,0.7485294117647059,0,0.8333333333333333,0.20833333333333331
